filename,width,height,class,xmin,ymin,xmax,ymax
0.jpg,1920,1080,bolt,1044,150,1111,217
1.jpg,1920,1080,bolt,1048,366,1103,422
2.jpg,1920,1080,bolt,1057,606,1104,657
3.jpg,1920,1080,bolt,1458,223,1509,285
4.jpg,1920,1080,bolt,1454,407,1501,456
5.jpg,1920,1080,bolt,1450,583,1502,637
6.jpg,1920,1080,bolt,1452,746,1502,800
8.jpg,1920,1080,bolt,1032,56,1087,117
8.jpg,1920,1080,bolt,1447,83,1496,136
9.jpg,1920,1080,bolt,1034,282,1084,332
9.jpg,1920,1080,bolt,1444,304,1495,354
10.jpg,1920,1080,bolt,1034,483,1085,540
10.jpg,1920,1080,bolt,1440,505,1493,559
11.jpg,1920,1080,bolt,1032,680,1086,732
11.jpg,1920,1080,bolt,1438,702,1491,756
12.jpg,1920,1080,bolt,1034,95,1084,153
12.jpg,1920,1080,bolt,1455,115,1504,174
13.jpg,1920,1080,bolt,1033,301,1083,357
13.jpg,1920,1080,bolt,1448,319,1501,382
14.jpg,1920,1080,bolt,1027,503,1079,561
14.jpg,1920,1080,bolt,1446,527,1494,580
15.jpg,1920,1080,bolt,1031,687,1078,738
15.jpg,1920,1080,bolt,1443,703,1495,763
19.jpg,1920,1080,bolt,1041,139,1089,195
20.jpg,1920,1080,bolt,1043,326,1092,380
21.jpg,1920,1080,bolt,1045,500,1094,552
22.jpg,1920,1080,bolt,1039,669,1094,734
25.jpg,1920,1080,bolt,1445,258,1499,319
26.jpg,1920,1080,bolt,1440,485,1493,551
27.jpg,1920,1080,bolt,1438,692,1491,757
28.jpg,1920,1080,bolt,1449,69,1499,133
29.jpg,1920,1080,bolt,1447,256,1498,310
30.jpg,1920,1080,bolt,1437,450,1495,507
31.jpg,1920,1080,bolt,1441,650,1489,699
32.jpg,1920,1080,bolt,1030,101,1074,155
32.jpg,1920,1080,bolt,1453,118,1505,171
33.jpg,1920,1080,bolt,1026,289,1077,343
33.jpg,1920,1080,bolt,1449,306,1502,362
34.jpg,1920,1080,bolt,1028,509,1073,562
34.jpg,1920,1080,bolt,1446,530,1495,579
35.jpg,1920,1080,bolt,1025,696,1075,746
35.jpg,1920,1080,bolt,1445,715,1491,767
38.jpg,1920,1080,bolt,1045,91,1092,146
39.jpg,1920,1080,bolt,1045,306,1089,356
40.jpg,1920,1080,bolt,1043,531,1093,585
41.jpg,1920,1080,bolt,1044,719,1090,772
42.jpg,1920,1080,bolt,1034,140,1089,204
42.jpg,1920,1080,bolt,1465,156,1517,222
43.jpg,1920,1080,bolt,1037,323,1091,385
43.jpg,1920,1080,bolt,1466,345,1518,408
44.jpg,1920,1080,bolt,1048,558,1093,623
44.jpg,1920,1080,bolt,1471,580,1518,640
45.jpg,1920,1080,bolt,1038,133,1087,190
46.jpg,1920,1080,bolt,1036,310,1088,363
47.jpg,1920,1080,bolt,1034,483,1087,537
48.jpg,1920,1080,bolt,1036,636,1085,688
49.jpg,1920,1080,bolt,1438,59,1492,125
50.jpg,1920,1080,bolt,1440,250,1490,311
51.jpg,1920,1080,bolt,1434,417,1486,480
52.jpg,1920,1080,bolt,1436,628,1482,684
56.jpg,1920,1080,bolt,1044,84,1096,136
57.jpg,1920,1080,bolt,1052,273,1102,325
58.jpg,1920,1080,bolt,1051,480,1099,533
59.jpg,1920,1080,bolt,1051,701,1102,755
60.jpg,1920,1080,bolt,1038,123,1087,178
60.jpg,1920,1080,bolt,1451,140,1504,198
61.jpg,1920,1080,bolt,1036,301,1085,353
61.jpg,1920,1080,bolt,1446,318,1499,374
62.jpg,1920,1080,bolt,1035,469,1085,521
62.jpg,1920,1080,bolt,1446,489,1494,541
63.jpg,1920,1080,bolt,1035,624,1082,679
63.jpg,1920,1080,bolt,1444,647,1488,694
78.jpg,1920,1080,bolt,1023,144,1074,202
79.jpg,1920,1080,bolt,1028,220,1076,280
80.jpg,1920,1080,bolt,1031,324,1081,386
81.jpg,1920,1080,bolt,1035,433,1085,491
82.jpg,1920,1080,bolt,1039,523,1089,581
83.jpg,1920,1080,bolt,1043,612,1095,671
84.jpg,1920,1080,bolt,1047,704,1097,760
101.jpg,1920,1080,bolt,1032,135,1088,193
101.jpg,1920,1080,bolt,1452,137,1505,195
102.jpg,1920,1080,bolt,1039,216,1090,277
102.jpg,1920,1080,bolt,1455,220,1505,277
103.jpg,1920,1080,bolt,1040,325,1094,382
103.jpg,1920,1080,bolt,1457,328,1509,384
104.jpg,1920,1080,bolt,1046,407,1094,465
104.jpg,1920,1080,bolt,1459,410,1511,470
105.jpg,1920,1080,bolt,1048,492,1100,546
105.jpg,1920,1080,bolt,1461,495,1516,551
106.jpg,1920,1080,bolt,1051,579,1107,639
106.jpg,1920,1080,bolt,1465,584,1515,643
107.jpg,1920,1080,bolt,1053,662,1109,720
107.jpg,1920,1080,bolt,1465,666,1520,725
119.jpg,1920,1080,bolt,1030,45,1083,109
120.jpg,1920,1080,bolt,1033,156,1084,222
121.jpg,1920,1080,bolt,1034,230,1087,288
122.jpg,1920,1080,bolt,1026,271,1094,335
123.jpg,1920,1080,bolt,1029,280,1092,344
124.jpg,1920,1080,bolt,1034,336,1090,397
125.jpg,1920,1080,bolt,1033,373,1094,432
126.jpg,1920,1080,bolt,1036,417,1091,482
127.jpg,1920,1080,bolt,1040,545,1095,606
128.jpg,1920,1080,bolt,1043,644,1098,701
129.jpg,1920,1080,bolt,1047,735,1100,788
130.jpg,1920,1080,bolt,1026,114,1081,174
131.jpg,1920,1080,bolt,1040,240,1095,297
132.jpg,1920,1080,bolt,1040,353,1097,415
133.jpg,1920,1080,bolt,1048,465,1100,518
134.jpg,1920,1080,bolt,1053,540,1110,599
135.jpg,1920,1080,bolt,1063,637,1115,695
146.jpg,1920,1080,bolt,1021,117,1070,174
146.jpg,1920,1080,bolt,1449,118,1498,172
147.jpg,1920,1080,bolt,1022,211,1073,264
147.jpg,1920,1080,bolt,1448,208,1498,262
148.jpg,1920,1080,bolt,1027,319,1075,370
148.jpg,1920,1080,bolt,1453,322,1499,369
149.jpg,1920,1080,bolt,1032,419,1078,468
149.jpg,1920,1080,bolt,1456,419,1503,468
150.jpg,1920,1080,bolt,1036,536,1084,588
150.jpg,1920,1080,bolt,1458,540,1508,591
151.jpg,1920,1080,bolt,1040,634,1090,687
151.jpg,1920,1080,bolt,1460,636,1513,693
152.jpg,1920,1080,bolt,1032,108,1084,165
153.jpg,1920,1080,bolt,1040,192,1086,245
154.jpg,1920,1080,bolt,1042,299,1090,351
155.jpg,1920,1080,bolt,1042,397,1095,451
156.jpg,1920,1080,bolt,1046,503,1103,555
157.jpg,1920,1080,bolt,1054,630,1106,686
174.jpg,1920,1080,bolt,1019,87,1075,147
174.jpg,1920,1080,bolt,1443,93,1491,150
175.jpg,1920,1080,bolt,1026,180,1072,239
175.jpg,1920,1080,bolt,1445,184,1495,243
176.jpg,1920,1080,bolt,1031,301,1076,359
176.jpg,1920,1080,bolt,1450,306,1494,363
177.jpg,1920,1080,bolt,1037,419,1084,479
177.jpg,1920,1080,bolt,1451,426,1502,488
178.jpg,1920,1080,bolt,1041,542,1093,600
178.jpg,1920,1080,bolt,1456,550,1508,605
179.jpg,1920,1080,bolt,1046,668,1095,723
179.jpg,1920,1080,bolt,1461,674,1507,734
180.jpg,1920,1080,bolt,1056,774,1104,826
180.jpg,1920,1080,bolt,1469,782,1515,833
181.jpg,1920,1080,bolt,1057,912,1110,966
181.jpg,1920,1080,bolt,1473,924,1519,973
196.jpg,1920,1080,bolt,1045,382,1094,436
197.jpg,1920,1080,bolt,1048,481,1099,533
198.jpg,1920,1080,bolt,1053,628,1107,684
199.jpg,1920,1080,bolt,1056,522,1111,576
199.jpg,1920,1080,bolt,1489,519,1542,576
200.jpg,1920,1080,bolt,1060,616,1110,665
200.jpg,1920,1080,bolt,1491,612,1542,669
201.jpg,1920,1080,bolt,1061,698,1110,752
201.jpg,1920,1080,bolt,1490,696,1540,753
202.jpg,1920,1080,bolt,1031,254,1083,312
203.jpg,1920,1080,bolt,1035,422,1087,476
204.jpg,1920,1080,bolt,1043,558,1094,611
205.jpg,1920,1080,bolt,1022,142,1075,207
206.jpg,1920,1080,bolt,1029,295,1079,362
207.jpg,1920,1080,bolt,1033,418,1088,487
208.jpg,1920,1080,bolt,1036,550,1095,620
209.jpg,1920,1080,bolt,1436,135,1496,197
210.jpg,1920,1080,bolt,1442,239,1495,303
211.jpg,1920,1080,bolt,1443,346,1501,413
212.jpg,1920,1080,bolt,1450,456,1497,515
213.jpg,1920,1080,bolt,1454,541,1501,611
227.jpg,1920,1080,bolt,1019,39,1081,113
227.jpg,1920,1080,bolt,1432,50,1493,118
228.jpg,1920,1080,bolt,1027,141,1081,205
228.jpg,1920,1080,bolt,1439,149,1491,214
229.jpg,1920,1080,bolt,1027,197,1081,267
229.jpg,1920,1080,bolt,1436,206,1492,274
230.jpg,1920,1080,bolt,1028,307,1085,373
230.jpg,1920,1080,bolt,1439,315,1492,381
231.jpg,1920,1080,bolt,1032,398,1086,463
231.jpg,1920,1080,bolt,1439,406,1491,469
232.jpg,1920,1080,bolt,1036,462,1087,521
232.jpg,1920,1080,bolt,1441,469,1493,528
233.jpg,1920,1080,bolt,1033,472,1089,541
233.jpg,1920,1080,bolt,1440,485,1494,548
234.jpg,1920,1080,bolt,1041,627,1089,678
234.jpg,1920,1080,bolt,1443,631,1493,688
235.jpg,1920,1080,bolt,1043,708,1091,762
235.jpg,1920,1080,bolt,1446,716,1497,768
236.jpg,1920,1080,bolt,1049,797,1099,851
236.jpg,1920,1080,bolt,1453,803,1502,855
294.jpg,1920,1080,bolt,1036,80,1089,148
295.jpg,1920,1080,bolt,1048,221,1101,291
296.jpg,1920,1080,bolt,1052,363,1102,426
297.jpg,1920,1080,bolt,1053,499,1107,563
298.jpg,1920,1080,bolt,1066,629,1114,689
299.jpg,1920,1080,bolt,1066,745,1119,801
334.jpg,1920,1080,bolt,1444,85,1493,143
335.jpg,1920,1080,bolt,1446,237,1495,298
336.jpg,1920,1080,bolt,1446,374,1495,436
337.jpg,1920,1080,bolt,1446,468,1494,525
338.jpg,1920,1080,bolt,1449,630,1494,686
339.jpg,1920,1080,bolt,1460,792,1507,852
420.jpg,640,480,bolt,79,100,105,127
421.jpg,640,480,bolt,78,60,104,87
434.jpg,640,480,bolt,92,244,124,280
434.jpg,640,480,bolt,285,232,316,271
434.jpg,640,480,bolt,502,226,531,264
435.jpg,640,480,bolt,94,204,119,238
435.jpg,640,480,bolt,287,193,311,228
435.jpg,640,480,bolt,504,190,527,222
436.jpg,640,480,bolt,95,164,119,199
436.jpg,640,480,bolt,286,152,311,190
436.jpg,640,480,bolt,502,149,527,183
454.jpg,640,480,bolt,298,448,326,477
454.jpg,640,480,bolt,516,434,542,462
455.jpg,640,480,bolt,293,375,320,404
455.jpg,640,480,bolt,510,359,537,390
456.jpg,640,480,bolt,291,328,320,360
456.jpg,640,480,bolt,508,315,535,345
457.jpg,640,480,bolt,288,247,316,278
457.jpg,640,480,bolt,503,235,531,267
458.jpg,640,480,bolt,286,209,316,238
458.jpg,640,480,bolt,501,196,530,227
459.jpg,640,480,bolt,224,193,251,222
459.jpg,640,480,bolt,499,169,528,200
460.jpg,640,480,bolt,283,156,309,185
460.jpg,640,480,bolt,498,144,526,175
461.jpg,640,480,bolt,280,117,306,145
461.jpg,640,480,bolt,494,105,521,134
462.jpg,640,480,bolt,276,95,305,127
462.jpg,640,480,bolt,491,86,519,116
463.jpg,640,480,bolt,274,56,302,86
463.jpg,640,480,bolt,489,47,517,77
486.jpg,640,480,bolt,95,415,124,444
487.jpg,640,480,bolt,90,372,121,403
488.jpg,640,480,bolt,88,321,115,348
489.jpg,640,480,bolt,87,280,114,308
490.jpg,640,480,bolt,82,192,109,220
491.jpg,640,480,bolt,78,158,105,187
492.jpg,640,480,bolt,73,97,101,125
493.jpg,640,480,bolt,68,36,96,64
530.jpg,640,480,bolt,296,437,324,467
530.jpg,640,480,bolt,512,415,544,449
530.jpg,640,480,bolt,103,460,132,480
531.jpg,640,480,bolt,103,431,130,460
531.jpg,640,480,bolt,294,410,322,439
531.jpg,640,480,bolt,511,390,540,418
532.jpg,640,480,bolt,102,412,128,441
532.jpg,640,480,bolt,294,389,320,418
532.jpg,640,480,bolt,511,371,536,397
533.jpg,640,480,bolt,100,393,127,421
533.jpg,640,480,bolt,291,371,320,398
533.jpg,640,480,bolt,510,352,535,378
534.jpg,640,480,bolt,100,379,125,406
534.jpg,640,480,bolt,291,357,316,385
534.jpg,640,480,bolt,507,337,534,365
535.jpg,640,480,bolt,97,346,122,372
535.jpg,640,480,bolt,287,323,314,351
535.jpg,640,480,bolt,504,302,531,333
536.jpg,640,480,bolt,94,324,123,353
536.jpg,640,480,bolt,287,303,312,330
536.jpg,640,480,bolt,504,285,528,311
537.jpg,640,480,bolt,93,298,121,326
537.jpg,640,480,bolt,284,276,312,305
537.jpg,640,480,bolt,501,257,527,286
538.jpg,640,480,bolt,93,279,119,305
538.jpg,640,480,bolt,283,254,310,284
538.jpg,640,480,bolt,500,238,526,265
539.jpg,640,480,bolt,90,257,118,287
539.jpg,640,480,bolt,282,236,307,264
539.jpg,640,480,bolt,498,218,523,246
540.jpg,640,480,bolt,91,239,115,266
540.jpg,640,480,bolt,281,217,304,243
540.jpg,640,480,bolt,496,198,522,226
541.jpg,640,480,bolt,88,207,113,233
541.jpg,640,480,bolt,277,184,303,211
541.jpg,640,480,bolt,494,166,518,193
542.jpg,640,480,bolt,85,179,113,207
542.jpg,640,480,bolt,275,156,302,185
542.jpg,640,480,bolt,492,138,517,167
543.jpg,640,480,bolt,85,160,110,186
543.jpg,640,480,bolt,274,135,300,165
543.jpg,640,480,bolt,489,118,517,149
544.jpg,640,480,bolt,82,132,106,162
544.jpg,640,480,bolt,271,109,296,138
544.jpg,640,480,bolt,488,93,512,121
545.jpg,640,480,bolt,76,47,100,74
545.jpg,640,480,bolt,266,24,289,52
545.jpg,640,480,bolt,481,8,505,36
558.jpg,640,480,bolt,103,37,127,66
558.jpg,640,480,bolt,321,24,343,51
558.jpg,640,480,bolt,505,3,529,27
559.jpg,640,480,bolt,107,111,133,139
559.jpg,640,480,bolt,323,99,348,126
559.jpg,640,480,bolt,507,76,535,105
560.jpg,640,480,bolt,111,184,139,213
560.jpg,640,480,bolt,327,171,352,199
561.jpg,640,480,bolt,115,224,142,253
561.jpg,640,480,bolt,328,211,356,240
561.jpg,640,480,bolt,514,191,540,219
562.jpg,640,480,bolt,119,277,146,305
562.jpg,640,480,bolt,332,264,360,294
562.jpg,640,480,bolt,516,245,542,272
563.jpg,640,480,bolt,121,309,149,337
563.jpg,640,480,bolt,335,296,362,325
563.jpg,640,480,bolt,518,277,544,306
564.jpg,640,480,bolt,127,355,154,383
564.jpg,640,480,bolt,341,343,365,371
564.jpg,640,480,bolt,522,322,548,351
565.jpg,640,480,bolt,132,382,156,408
565.jpg,640,480,bolt,344,368,368,398
565.jpg,640,480,bolt,525,348,551,378
566.jpg,640,480,bolt,132,408,156,435
566.jpg,640,480,bolt,345,394,369,424
566.jpg,640,480,bolt,527,375,550,405
567.jpg,640,480,bolt,134,452,157,479
567.jpg,640,480,bolt,347,441,370,468
567.jpg,640,480,bolt,527,422,553,450
585.jpg,640,480,bolt,94,43,120,72
585.jpg,640,480,bolt,314,30,339,60
585.jpg,640,480,bolt,500,11,527,39
586.jpg,640,480,bolt,98,79,121,106
586.jpg,640,480,bolt,317,66,341,94
586.jpg,640,480,bolt,503,45,527,74
587.jpg,640,480,bolt,99,100,122,127
587.jpg,640,480,bolt,318,88,343,115
587.jpg,640,480,bolt,503,68,528,94
588.jpg,640,480,bolt,100,120,124,150
588.jpg,640,480,bolt,319,108,343,136
588.jpg,640,480,bolt,505,88,530,116
589.jpg,640,480,bolt,101,136,126,160
589.jpg,640,480,bolt,321,122,343,149
589.jpg,640,480,bolt,506,104,530,129
590.jpg,640,480,bolt,104,188,130,216
590.jpg,640,480,bolt,322,177,347,203
590.jpg,640,480,bolt,508,157,533,184
591.jpg,640,480,bolt,108,243,135,270
591.jpg,640,480,bolt,324,230,352,257
591.jpg,640,480,bolt,509,212,535,237
592.jpg,640,480,bolt,115,323,138,347
592.jpg,640,480,bolt,331,311,354,335
592.jpg,640,480,bolt,515,293,538,317
593.jpg,640,480,bolt,121,368,146,394
593.jpg,640,480,bolt,337,357,360,382
593.jpg,640,480,bolt,519,339,544,364
594.jpg,640,480,bolt,124,395,148,421
594.jpg,640,480,bolt,339,382,365,408
594.jpg,640,480,bolt,522,364,547,391
595.jpg,640,480,bolt,527,456,551,480
613.jpg,640,480,bolt,89,32,113,60
613.jpg,640,480,bolt,312,16,335,43
614.jpg,640,480,bolt,93,73,117,101
614.jpg,640,480,bolt,315,59,340,85
615.jpg,640,480,bolt,95,95,121,121
615.jpg,640,480,bolt,317,80,343,104
616.jpg,640,480,bolt,102,151,125,177
616.jpg,640,480,bolt,322,135,346,162
617.jpg,640,480,bolt,104,204,129,232
617.jpg,640,480,bolt,324,190,349,216
618.jpg,640,480,bolt,111,273,139,299
618.jpg,640,480,bolt,331,258,357,286
619.jpg,640,480,bolt,116,313,140,338
619.jpg,640,480,bolt,334,298,360,325
620.jpg,640,480,bolt,118,379,143,406
620.jpg,640,480,bolt,338,365,361,394
621.jpg,640,480,bolt,124,454,149,480
621.jpg,640,480,bolt,345,439,368,469
633.jpg,640,480,bolt,95,77,120,107
633.jpg,640,480,bolt,311,59,336,90
633.jpg,640,480,bolt,503,39,527,71
634.jpg,640,480,bolt,97,99,121,126
634.jpg,640,480,bolt,313,81,337,107
634.jpg,640,480,bolt,504,61,527,89
635.jpg,640,480,bolt,100,126,122,151
635.jpg,640,480,bolt,314,106,339,135
635.jpg,640,480,bolt,505,88,529,116
636.jpg,640,480,bolt,103,165,126,192
636.jpg,640,480,bolt,317,147,341,176
636.jpg,640,480,bolt,507,130,531,157
637.jpg,640,480,bolt,104,185,126,212
637.jpg,640,480,bolt,319,170,341,195
637.jpg,640,480,bolt,508,150,531,177
638.jpg,640,480,bolt,105,206,127,231
638.jpg,640,480,bolt,320,189,342,215
638.jpg,640,480,bolt,509,171,531,196
639.jpg,640,480,bolt,108,233,130,257
639.jpg,640,480,bolt,321,215,344,243
639.jpg,640,480,bolt,510,198,534,222
640.jpg,640,480,bolt,109,266,133,290
640.jpg,640,480,bolt,323,249,347,276
640.jpg,640,480,bolt,511,232,536,257
641.jpg,640,480,bolt,114,318,136,344
641.jpg,640,480,bolt,325,301,350,331
641.jpg,640,480,bolt,514,284,538,311
642.jpg,640,480,bolt,116,338,136,363
642.jpg,640,480,bolt,328,323,350,350
642.jpg,640,480,bolt,516,305,537,331
643.jpg,640,480,bolt,118,364,141,390
643.jpg,640,480,bolt,331,349,354,376
643.jpg,640,480,bolt,518,329,543,360
644.jpg,640,480,bolt,120,382,146,410
644.jpg,640,480,bolt,334,367,358,397
644.jpg,640,480,bolt,521,349,545,378
645.jpg,640,480,bolt,125,423,148,449
645.jpg,640,480,bolt,337,408,361,436
645.jpg,640,480,bolt,524,389,548,418
651.jpg,640,480,bolt,89,55,113,81
651.jpg,640,480,bolt,307,42,331,69
651.jpg,640,480,bolt,498,18,524,45
652.jpg,640,480,bolt,90,59,112,84
652.jpg,640,480,bolt,307,46,332,71
652.jpg,640,480,bolt,500,21,523,48
653.jpg,640,480,bolt,94,122,119,149
653.jpg,640,480,bolt,311,111,336,137
653.jpg,640,480,bolt,503,88,527,112
654.jpg,640,480,bolt,97,167,124,197
654.jpg,640,480,bolt,314,159,339,184
654.jpg,640,480,bolt,506,135,530,160
655.jpg,640,480,bolt,105,256,129,281
655.jpg,640,480,bolt,320,247,344,273
655.jpg,640,480,bolt,510,223,534,248
656.jpg,640,480,bolt,113,358,139,387
656.jpg,640,480,bolt,328,352,352,378
656.jpg,640,480,bolt,517,328,542,355
657.jpg,640,480,bolt,120,437,144,466
657.jpg,640,480,bolt,334,431,359,459
657.jpg,640,480,bolt,521,407,546,434
668.jpg,640,480,bolt,500,19,523,47
669.jpg,640,480,bolt,502,82,527,109
670.jpg,640,480,bolt,508,198,532,224
671.jpg,640,480,bolt,511,226,533,251
672.jpg,640,480,bolt,513,292,537,319
673.jpg,640,480,bolt,521,369,545,398
674.jpg,640,480,bolt,523,442,547,471
677.jpg,640,480,bolt,101,176,125,206
677.jpg,640,480,bolt,322,160,346,191
677.jpg,640,480,bolt,513,140,537,170
678.jpg,640,480,bolt,105,203,128,233
678.jpg,640,480,bolt,324,188,348,215
678.jpg,640,480,bolt,515,169,538,195
679.jpg,640,480,bolt,113,272,135,299
679.jpg,640,480,bolt,331,257,356,285
679.jpg,640,480,bolt,522,238,546,263
680.jpg,640,480,bolt,115,306,138,331
680.jpg,640,480,bolt,332,290,357,318
680.jpg,640,480,bolt,522,271,545,298
681.jpg,640,480,bolt,117,332,139,358
681.jpg,640,480,bolt,334,317,358,345
681.jpg,640,480,bolt,521,298,547,325
682.jpg,640,480,bolt,120,377,145,405
682.jpg,640,480,bolt,337,362,363,393
682.jpg,640,480,bolt,526,344,551,372
683.jpg,640,480,bolt,124,438,147,466
683.jpg,640,480,bolt,342,424,367,454
683.jpg,640,480,bolt,530,404,557,434
695.jpg,640,480,bolt,98,42,122,69
695.jpg,640,480,bolt,316,31,342,58
695.jpg,640,480,bolt,503,9,527,37
696.jpg,640,480,bolt,99,63,123,92
696.jpg,640,480,bolt,317,50,343,82
696.jpg,640,480,bolt,504,29,530,59
697.jpg,640,480,bolt,101,85,125,112
697.jpg,640,480,bolt,319,74,344,100
697.jpg,640,480,bolt,505,52,530,80
698.jpg,640,480,bolt,104,110,127,138
698.jpg,640,480,bolt,321,100,345,126
698.jpg,640,480,bolt,507,79,530,106
699.jpg,640,480,bolt,108,186,130,212
699.jpg,640,480,bolt,324,175,349,202
699.jpg,640,480,bolt,509,153,534,181
700.jpg,640,480,bolt,123,356,147,385
700.jpg,640,480,bolt,337,347,361,374
700.jpg,640,480,bolt,520,325,545,354
701.jpg,640,480,bolt,128,421,151,448
701.jpg,640,480,bolt,342,412,365,440
701.jpg,640,480,bolt,523,391,550,419
704.jpg,640,480,bolt,510,137,533,164
705.jpg,640,480,bolt,510,142,534,165
706.jpg,640,480,bolt,511,164,534,189
707.jpg,640,480,bolt,514,223,538,250
708.jpg,640,480,bolt,516,256,541,285
709.jpg,640,480,bolt,518,303,543,332
710.jpg,640,480,bolt,523,336,547,366
711.jpg,640,480,bolt,526,363,550,391
712.jpg,640,480,bolt,526,396,551,424
713.jpg,640,480,bolt,528,441,554,471
715.jpg,640,480,bolt,88,59,113,89
715.jpg,640,480,bolt,311,43,336,70
715.jpg,640,480,bolt,504,21,530,47
716.jpg,640,480,bolt,90,67,114,95
716.jpg,640,480,bolt,312,51,336,77
716.jpg,640,480,bolt,505,28,530,54
717.jpg,640,480,bolt,96,103,118,127
717.jpg,640,480,bolt,318,85,340,112
717.jpg,640,480,bolt,510,62,533,90
718.jpg,640,480,bolt,97,130,123,157
718.jpg,640,480,bolt,319,115,343,139
718.jpg,640,480,bolt,513,91,534,118
719.jpg,640,480,bolt,98,144,122,170
719.jpg,640,480,bolt,320,128,343,153
719.jpg,640,480,bolt,512,106,536,130
720.jpg,640,480,bolt,99,165,123,190
720.jpg,640,480,bolt,320,149,344,174
720.jpg,640,480,bolt,512,127,535,150
721.jpg,640,480,bolt,101,199,124,223
721.jpg,640,480,bolt,322,183,345,209
721.jpg,640,480,bolt,514,161,536,185
722.jpg,640,480,bolt,104,226,127,251
722.jpg,640,480,bolt,324,210,349,236
722.jpg,640,480,bolt,516,188,539,213
723.jpg,640,480,bolt,109,252,131,278
723.jpg,640,480,bolt,328,237,353,263
723.jpg,640,480,bolt,520,215,544,241
724.jpg,640,480,bolt,112,279,134,305
724.jpg,640,480,bolt,330,264,356,292
724.jpg,640,480,bolt,520,242,545,268
725.jpg,640,480,bolt,116,371,138,398
725.jpg,640,480,bolt,334,358,358,385
725.jpg,640,480,bolt,523,334,547,364
726.jpg,640,480,bolt,118,411,144,438
726.jpg,640,480,bolt,337,398,362,428
735.jpg,640,480,bolt,96,72,120,101
735.jpg,640,480,bolt,503,38,526,66
735.jpg,640,480,bolt,316,58,338,90
736.jpg,640,480,bolt,99,121,124,150
736.jpg,640,480,bolt,317,107,343,135
736.jpg,640,480,bolt,504,88,530,114
737.jpg,640,480,bolt,104,176,127,204
737.jpg,640,480,bolt,321,164,346,189
737.jpg,640,480,bolt,508,144,531,168
738.jpg,640,480,bolt,106,198,129,223
738.jpg,640,480,bolt,323,184,346,210
738.jpg,640,480,bolt,508,164,532,190
739.jpg,640,480,bolt,108,225,130,250
739.jpg,640,480,bolt,325,211,347,238
739.jpg,640,480,bolt,509,191,533,216
740.jpg,640,480,bolt,112,278,135,302
740.jpg,640,480,bolt,327,264,352,291
740.jpg,640,480,bolt,513,244,536,271
741.jpg,640,480,bolt,115,317,138,343
741.jpg,640,480,bolt,331,303,353,331
741.jpg,640,480,bolt,514,284,537,311
742.jpg,640,480,bolt,118,350,141,376
742.jpg,640,480,bolt,332,336,358,365
742.jpg,640,480,bolt,517,317,541,345
743.jpg,640,480,bolt,124,413,148,441
743.jpg,640,480,bolt,339,400,361,428
743.jpg,640,480,bolt,521,380,545,409
757.jpg,640,480,bolt,84,66,110,95
757.jpg,640,480,bolt,300,47,326,80
757.jpg,640,480,bolt,491,27,515,56
758.jpg,640,480,bolt,90,120,112,150
758.jpg,640,480,bolt,305,104,329,132
758.jpg,640,480,bolt,494,84,519,110
759.jpg,640,480,bolt,93,175,116,202
759.jpg,640,480,bolt,308,160,332,185
759.jpg,640,480,bolt,496,138,520,164
760.jpg,640,480,bolt,96,209,118,234
760.jpg,640,480,bolt,310,194,334,219
760.jpg,640,480,bolt,498,173,522,197
761.jpg,640,480,bolt,97,236,120,260
761.jpg,640,480,bolt,313,221,335,246
761.jpg,640,480,bolt,500,198,523,225
762.jpg,640,480,bolt,100,269,123,292
762.jpg,640,480,bolt,314,253,338,279
762.jpg,640,480,bolt,502,233,525,257
763.jpg,640,480,bolt,105,327,128,352
763.jpg,640,480,bolt,318,314,342,338
763.jpg,640,480,bolt,504,291,527,318
764.jpg,640,480,bolt,108,359,131,383
764.jpg,640,480,bolt,322,345,346,371
764.jpg,640,480,bolt,508,324,532,350
765.jpg,640,480,bolt,114,385,139,410
765.jpg,640,480,bolt,326,373,352,397
765.jpg,640,480,bolt,512,350,538,376
766.jpg,640,480,bolt,118,417,143,442
766.jpg,640,480,bolt,333,403,356,431
766.jpg,640,480,bolt,518,383,543,409
776.jpg,640,480,bolt,512,172,535,197
777.jpg,640,480,bolt,518,294,543,321
778.jpg,640,480,bolt,528,416,553,444
786.jpg,640,480,bolt,91,78,114,104
786.jpg,640,480,bolt,309,61,333,89
786.jpg,640,480,bolt,499,37,521,67
787.jpg,640,480,bolt,101,214,125,240
787.jpg,640,480,bolt,317,199,340,223
787.jpg,640,480,bolt,504,176,529,200
788.jpg,640,480,bolt,109,307,130,331
788.jpg,640,480,bolt,323,293,347,319
788.jpg,640,480,bolt,509,270,534,295
789.jpg,640,480,bolt,116,371,140,398
789.jpg,640,480,bolt,330,358,355,385
789.jpg,640,480,bolt,517,336,540,360
790.jpg,640,480,bolt,522,454,547,478
797.jpg,640,480,bolt,95,84,117,110
797.jpg,640,480,bolt,310,64,337,91
797.jpg,640,480,bolt,501,42,525,70
798.jpg,640,480,bolt,97,123,121,149
798.jpg,640,480,bolt,314,104,339,132
798.jpg,640,480,bolt,504,84,527,111
799.jpg,640,480,bolt,100,215,123,241
799.jpg,640,480,bolt,319,199,344,224
799.jpg,640,480,bolt,509,177,536,205
800.jpg,640,480,bolt,102,257,127,282
800.jpg,640,480,bolt,321,238,347,266
800.jpg,640,480,bolt,512,218,542,246
802.jpg,640,480,bolt,121,401,145,429
802.jpg,640,480,bolt,336,385,359,412
802.jpg,640,480,bolt,522,366,547,393
807.jpg,640,480,bolt,515,241,538,265
808.jpg,640,480,bolt,521,319,546,346
809.jpg,640,480,bolt,525,424,551,452
818.jpg,640,480,bolt,494,51,519,84
819.jpg,640,480,bolt,500,143,523,180
820.jpg,640,480,bolt,503,212,529,247
821.jpg,640,480,bolt,505,266,530,300
822.jpg,640,480,bolt,510,305,532,341
823.jpg,640,480,bolt,512,347,539,378
824.jpg,640,480,bolt,513,385,540,418
825.jpg,640,480,bolt,517,452,545,480
832.jpg,640,480,bolt,90,58,117,92
832.jpg,640,480,bolt,308,38,333,76
832.jpg,640,480,bolt,504,21,529,56
833.jpg,640,480,bolt,96,113,120,147
833.jpg,640,480,bolt,314,96,338,131
833.jpg,640,480,bolt,506,75,529,112
834.jpg,640,480,bolt,99,154,123,186
834.jpg,640,480,bolt,314,136,340,171
834.jpg,640,480,bolt,509,118,532,152
835.jpg,640,480,bolt,100,207,127,241
835.jpg,640,480,bolt,317,191,343,226
835.jpg,640,480,bolt,511,173,534,207
836.jpg,640,480,bolt,106,248,129,281
836.jpg,640,480,bolt,320,230,345,269
836.jpg,640,480,bolt,513,212,537,247
837.jpg,640,480,bolt,110,287,133,320
837.jpg,640,480,bolt,323,273,350,307
837.jpg,640,480,bolt,515,253,540,287
838.jpg,640,480,bolt,110,326,138,361
838.jpg,640,480,bolt,325,313,352,349
838.jpg,640,480,bolt,517,293,541,328
839.jpg,640,480,bolt,113,352,139,385
839.jpg,640,480,bolt,329,340,353,375
839.jpg,640,480,bolt,518,319,545,355
840.jpg,640,480,bolt,118,377,143,414
840.jpg,640,480,bolt,331,366,357,401
840.jpg,640,480,bolt,522,346,548,381
841.jpg,640,480,bolt,120,418,143,451
841.jpg,640,480,bolt,334,406,358,439
841.jpg,640,480,bolt,524,386,548,419
842.jpg,640,480,bolt,121,443,145,476
842.jpg,640,480,bolt,334,432,362,465
842.jpg,640,480,bolt,524,412,549,447
860.jpg,640,480,bolt,93,63,118,92
860.jpg,640,480,bolt,314,49,339,76
860.jpg,640,480,bolt,502,26,528,55
861.jpg,640,480,bolt,97,92,123,118
861.jpg,640,480,bolt,318,77,343,104
861.jpg,640,480,bolt,507,56,530,82
862.jpg,640,480,bolt,102,126,127,153
862.jpg,640,480,bolt,322,111,346,138
862.jpg,640,480,bolt,511,90,534,119
863.jpg,640,480,bolt,104,154,128,181
863.jpg,640,480,bolt,323,138,348,167
863.jpg,640,480,bolt,512,118,535,146
864.jpg,640,480,bolt,105,182,128,208
864.jpg,640,480,bolt,324,167,348,193
864.jpg,640,480,bolt,512,147,536,173
865.jpg,640,480,bolt,106,202,128,229
865.jpg,640,480,bolt,325,188,349,214
865.jpg,640,480,bolt,513,167,535,193
866.jpg,640,480,bolt,109,229,131,254
866.jpg,640,480,bolt,327,214,350,241
866.jpg,640,480,bolt,514,194,539,220
867.jpg,640,480,bolt,111,249,134,275
867.jpg,640,480,bolt,329,236,353,260
867.jpg,640,480,bolt,516,215,540,241
868.jpg,640,480,bolt,115,276,140,300
868.jpg,640,480,bolt,333,262,357,288
868.jpg,640,480,bolt,519,243,544,268
869.jpg,640,480,bolt,121,309,143,334
869.jpg,640,480,bolt,338,295,360,322
869.jpg,640,480,bolt,522,275,546,302
870.jpg,640,480,bolt,121,367,146,396
870.jpg,640,480,bolt,338,355,363,383
870.jpg,640,480,bolt,524,337,548,363
